Epoch,Train Loss,Validation Loss,Validation Accuracy,Test Accuracy,Running Time
0,3.731507398188114,2.5749363899230957,8.7890625,18.079999089241028,21.567196130752563
1,2.679149806499481,2.5576999187469482,9.375
2,2.5957631915807724,2.520573139190674,9.9609375
3,2.560157887637615,2.316047430038452,9.375
4,2.4330649599432945,2.850476026535034,9.9609375
5,2.4743983149528503,2.6711456775665283,10.546875
6,2.4823641404509544,2.4843430519104004,17.1875
7,2.3817897513508797,4.574839115142822,15.0390625
8,2.274191401898861,2.5425150394439697,14.453125
9,2.2777848951518536,2.4473609924316406,20.5078125
