Epoch,Train Loss,Validation Loss,Validation Accuracy,Test Accuracy,Running Time
0,4.042207986116409,2.3063480854034424,10.15625,13.300000131130219,10.20022702217102
1,2.9170901477336884,11.643745422363281,12.890625
2,2.7423280477523804,3.5602118968963623,6.25
3,2.572195678949356,2.4298980236053467,8.59375
4,2.564352869987488,2.3745012283325195,8.203125
5,2.465411424636841,2.3148038387298584,8.984375
6,2.452742278575897,2.314391613006592,7.421875
