Epoch,Train Loss,Validation Loss,Validation Accuracy,Test Accuracy,Running Time
0,3.6083910139277577,3.1854960918426514,8.203125,12.559999525547028,30.68579411506653
1,2.6760184019804,3.3894338607788086,9.375
2,2.520019385032356,3.430666446685791,10.546875
3,2.454346852377057,2.3391075134277344,7.421875
4,2.3764849426224828,2.5680227279663086,12.890625
5,2.335250467993319,2.6776890754699707,12.5
6,2.2770481752231717,2.377758026123047,13.671875
7,2.308967205695808,2.4179251194000244,10.15625
8,2.2831556303426623,2.4158143997192383,8.59375
9,2.2550425147637725,2.3731420040130615,14.0625
